{
  "model_name": "random_forest",
  "timestamp": "2026-01-13T16:12:45.546788",
  "metrics": {
    "accuracy": 0.9551388518368716,
    "precision": 0.9552451773452774,
    "recall": 0.9551388518368716,
    "f1_score": 0.9548963012046161,
    "confusion_matrix": [
      [
        40160,
        2299,
        0,
        0,
        9,
        2,
        87
      ],
      [
        1237,
        55015,
        96,
        0,
        76,
        62,
        14
      ],
      [
        2,
        98,
        6867,
        23,
        6,
        125,
        0
      ],
      [
        0,
        0,
        66,
        445,
        0,
        15,
        0
      ],
      [
        28,
        401,
        17,
        0,
        1537,
        12,
        0
      ],
      [
        1,
        107,
        228,
        19,
        5,
        3129,
        0
      ],
      [
        153,
        25,
        0,
        0,
        0,
        0,
        3837
      ]
    ],
    "n_classes": 7,
    "samples_evaluated": 116203
  },
  "classification_report": {
    "1.0": {
      "precision": 0.9658257377167456,
      "recall": 0.943675541039077,
      "f1-score": 0.954622168342485,
      "support": 42557.0
    },
    "2.0": {
      "precision": 0.9494348088704806,
      "recall": 0.973716814159292,
      "f1-score": 0.9614225173664206,
      "support": 56500.0
    },
    "3.0": {
      "precision": 0.9440472917239483,
      "recall": 0.9643308524083696,
      "f1-score": 0.9540812782216047,
      "support": 7121.0
    },
    "4.0": {
      "precision": 0.9137577002053389,
      "recall": 0.8460076045627376,
      "f1-score": 0.87857847976308,
      "support": 526.0
    },
    "5.0": {
      "precision": 0.9412124923453766,
      "recall": 0.7704260651629072,
      "f1-score": 0.8472987872105844,
      "support": 1995.0
    },
    "6.0": {
      "precision": 0.9354260089686098,
      "recall": 0.8968185726569218,
      "f1-score": 0.9157155399473224,
      "support": 3489.0
    },
    "7.0": {
      "precision": 0.9743524631792788,
      "recall": 0.9556662515566625,
      "f1-score": 0.964918898528857,
      "support": 4015.0
    },
    "accuracy": 0.9551388518368716,
    "macro avg": {
      "precision": 0.9462937861442541,
      "recall": 0.9072345287922811,
      "f1-score": 0.925233952768622,
      "support": 116203.0
    },
    "weighted avg": {
      "precision": 0.9552451773452774,
      "recall": 0.9551388518368716,
      "f1-score": 0.9548963012046161,
      "support": 116203.0
    }
  }
}